{"cameraMode":{"drawMode":0,"name":"Shaded","section":"Shading Mode"},"sceneLighting":false,"audioPlay":false,"sceneViewState":{"showFog":false,"showMaterialUpdate":false,"showSkybox":false,"showFlares":false,"showImageEffects":false,"showParticleSystems":false},"in2DMode":false,"pivot":{"x":-14.42190933227539,"y":54.80249786376953,"z":25.01199722290039},"rotation":{"x":-0.06295660883188248,"y":-0.0074796611443161968,"z":0.00047170656034722924,"w":-0.9979889988899231},"size":81.86345672607422,"orthographic":false}